Length,20.4
Width,20.24
Thickness,1.635
Volume,0.000675085
Mass,390.46
Density,578.3864597
