Length,20.8
Width,20.16
Thickness,1.63
Volume,0.000683505
Mass,401.25
Density,587.0479533
