Length,20.8
Width,20.16
Thickness,1.63
Volume,0.000683505
Mass,419.92
Density,614.3630568
