Length,20.64
Width,20.16
Thickness,1.62
Volume,0.000674086
Mass,406.075
Density,602.4083981
