Length,20.36
Width,20.24
Thickness,1.904
Volume,0.000784613
Mass,580.9
Density,740.3654617
