Length,20.48
Width,20.24
Thickness,1.91
Volume,0.000791724
Mass,555.5
Density,701.6333691
