Length,20.28
Width,20.15
Thickness,3.25
Volume,0.001328087
Mass,23.93
Density,18.01840467
