Length,19.86
Width,20.25
Thickness,0.47
Volume,0.000189018
Mass,7.76
Density,41.05438886
